obj,value
Minaret and Archaeological Remains of Jam,"Shahrak District,Ghur Province,Afghanistan,Asia and the Pacific"
Butrint,"District of Sarandë,County of Vlorë,Albania,Europe and North America"
Historic Centres of Berat and Gjirokastra ,"Albania,Europe and North America"
Al Qal'a of Beni Hammad,"Commune of Maadid ""Bechara"",Wilaya (province) of M'Sila,Algeria,Arab States"
M'Zab Valley,"Wilaya (province) of Ghardaïa,Algeria,Arab States"
Djémila,"Wilaya  (province) of Setif,Algeria,Arab States"
Timgad,"Commune of Timgad,Wilaya (province) of Batna,Algeria,Arab States"
Antigua Naval Dockyard and Related Archaeological Sites,"Antigua and Barbuda,Latin America and the Caribbean"
Los Glaciares National Park,"Santa Cruz,Argentina,Latin America and the Caribbean"
Iguazu National Park,"Region: Nord-Est,Province: Misiones,Argentina,Latin America and the Caribbean"
"Cueva de las Manos, Río Pinturas","Patagonia Region,Santa Cruz Province,Argentina,Latin America and the Caribbean"
Península Valdés,"Argentina,Latin America and the Caribbean"
Jesuit Block and Estancias of Córdoba,"Province of Cordoba,Argentina,Latin America and the Caribbean"
Quebrada de Humahuaca,"Province of Juyuy,Argentina,Latin America and the Caribbean"
Monastery of Geghard and the Upper Azat Valley,"Kotayk' Region,near the village of Goght,Armenia,Europe and North America"
Cathedral and Churches of Echmiatsin and the Archaeological Site of Zvartnots,"Armavir Region,Armenia,Europe and North America"
Great Barrier Reef,"Off the east coast of the Queensland mainland,State of Queensland,Australia,Asia and the Pacific"
Lord Howe Island Group,"New South Wales,Australia,Asia and the Pacific"
Uluru-Kata Tjuta National Park,"Northern territory,Australia,Asia and the Pacific"
Wet Tropics of Queensland,"Australia,Asia and the Pacific"
"Shark Bay, Western Australia","State of Western Australia,Australia,Asia and the Pacific"
Macquarie Island,"State of Tasmania,Australia,Asia and the Pacific"
Fraser Island,"State of Queensland,Australia,Asia and the Pacific"
Greater Blue Mountains Area,"New South Wales,Australia,Asia and the Pacific"
Purnululu National Park,"Western Australia,Australia,Asia and the Pacific"
Sydney Opera House,"New South Wales,Australia,Asia and the Pacific"
Australian Convict Sites,"New South Wales,Australia,Asia and the Pacific"
Royal Exhibition Building and Carlton Gardens,"Melbourne,Victoria,Australia,Asia and the Pacific"
Ningaloo Coast,"Western Australia,Australia,Asia and the Pacific"
Kakadu National Park,"Northern territory,Australia,Asia and the Pacific"
Tasmanian Wilderness,"State of Tasmania,Australia,Asia and the Pacific"
Historic Centre of the City of Salzburg,"Salzburg,Austria,Europe and North America"
Palace and Gardens of Schönbrunn,"Vienna,Austria,Europe and North America"
Historic Centre of Vienna,"Vienna,Austria,Europe and North America"
City of Graz – Historic Centre and Schloss Eggenberg,"Austria,Europe and North America"
Walled City of Baku with the Shirvanshah's Palace and Maiden Tower,"Apsheron peninsula,Azerbaijan,Europe and North America"
"Pearling, Testimony of an Island Economy","Bahrain,Arab States"
Qal’at al-Bahrain – Ancient Harbour and Capital of Dilmun,"Northern Region,Bahrain,Arab States"
Historic Mosque City of Bagerhat,"Khulna District,Bangladesh,Asia and the Pacific"
Ruins of the Buddhist Vihara at Paharpur,"Naogaon Subdivision of Rajshahi District,Bangladesh,Asia and the Pacific"
Historic Bridgetown and its Garrison,"Barbados,Latin America and the Caribbean"
Mir Castle Complex,"Grodno Province (oblast),Korelichi District,Belarus,Europe and North America"
"Architectural, Residential and Cultural Complex of the Radziwill Family at Nesvizh","Minsk Province (Minskaya Voblasts'),Belarus,Europe and North America"
"The Four Lifts on the Canal du Centre and their Environs, La Louvière and Le Roeulx (Hainaut)","Province of Hainaut,Belgium,Europe and North America"
"La Grand-Place, Brussels","City of Brussels,Brussels-Capital Region,Belgium,Europe and North America"
Historic Centre of Brugge,"Belgium,Europe and North America"
Neolithic Flint Mines at Spiennes (Mons),"Province of Hainaut,Wallonia Region,Belgium,Europe and North America"
Notre-Dame Cathedral in Tournai,"Province of Hainaut,Wallonia Region,Belgium,Europe and North America"
Plantin-Moretus House-Workshops-Museum Complex,"City of Antwerp,Flanders Region,Belgium,Europe and North America"
Stoclet House,"City of Brussels,Belgium,Europe and North America"
Major Mining Sites of Wallonia,"Belgium,Europe and North America"
Royal Palaces of Abomey,"Province du Zou,Benin,Africa"
City of Potosí,"Potosi,Province of Potosi,Bolivia (Plurinational State of),Latin America and the Caribbean"
Jesuit Missions of the Chiquitos,"Department of Santa Cruz,Bolivia (Plurinational State of),Latin America and the Caribbean"
Historic City of Sucre,"Department de Chuquisaca,Province Oropeza,Bolivia (Plurinational State of),Latin America and the Caribbean"
Tiwanaku: Spiritual and Political Centre of the Tiwanaku Culture,"Province of Ingavi,Department of La Paz,Bolivia (Plurinational State of),Latin America and the Caribbean"
Fuerte de Samaipata,"Province of Florida,Department of Santa Cruz,Bolivia (Plurinational State of),Latin America and the Caribbean"
Noel Kempff Mercado National Park,"Velasco Province,Santa Cruz Department,Bolivia (Plurinational State of),Latin America and the Caribbean"
Old Bridge Area of the Old City of Mostar,"Herzegovina-Neretva Canton,Bosnia and Herzegovina,Europe and North America"
Mehmed Paša Sokolović Bridge in Višegrad,"Republika Srpska,Sarajevo Macro Region,Bosnia and Herzegovina,Europe and North America"
Tsodilo,"The Ngamiland District,north-west  Botswana,Botswana,Africa"
Okavango Delta,"Botswana,Africa"
Historic Town of Ouro Preto,"State of Minas Gerais,Brazil,Latin America and the Caribbean"
Historic Centre of the Town of Olinda,"State of Pernambuco,North-East Region of Brazil,Brazil,Latin America and the Caribbean"
Historic Centre of Salvador de Bahia,"Bahia State,north-east region of Brazil,Brazil,Latin America and the Caribbean"
Sanctuary of Bom Jesus do Congonhas,"State of Minas Gerais,City of Congonhas,Brazil,Latin America and the Caribbean"
Iguaçu National Park,"Paraná State,Brazil,Latin America and the Caribbean"
Brasilia,"Federal District,Brazil,Latin America and the Caribbean"
Serra da Capivara National Park,"Communes de Sao Raimundo Nonato,Sud-est de Etat du Piaui,Sao Joao do Piaui et Canto do Butriti,Brazil,Latin America and the Caribbean"
Historic Centre of São Luís,"Maranhão State,Brasil’s North-East Region,Brazil,Latin America and the Caribbean"
Historic Centre of the Town of Diamantina,"State of Minas Gerais,Brazil,Latin America and the Caribbean"
Historic Centre of the Town of Goiás,"State of Goiás,Brazil,Latin America and the Caribbean"
Cerrado Protected Areas: Chapada dos Veadeiros and Emas National Parks,"Central Brazil Plateau,State of Goiás,Brazil,Latin America and the Caribbean"
São Francisco Square in the Town of São Cristóvão,"Brazil,Latin America and the Caribbean"
Rio de Janeiro: Carioca Landscapes between the Mountain and the Sea,"Brazil,Latin America and the Caribbean"
Pampulha Modern Ensemble,"Brazil,Latin America and the Caribbean"
Boyana Church,"Boyana district,Sofia,Bulgaria,Europe and North America"
Madara Rider,"Village of Madara,Province of Shumen,Bulgaria,Europe and North America"
Thracian Tomb of Kazanlak,"Kazanlak,Province of Stara Zagora,Bulgaria,Europe and North America"
Ancient City of Nessebar,"Burgas Province,Bulgaria,Europe and North America"
Thracian Tomb of Sveshtari,"Razgrad Province,Bulgaria,Europe and North America"
Pirin National Park,"Bulgaria,Europe and North America"
Ruins of Loropéni,"Burkina Faso,Africa"
Angkor,"Province Siem Reap,Cambodia,Asia and the Pacific"
Temple of Preah Vihear,"Cambodia,Asia and the Pacific"
Dja Faunal Reserve,"Provinces du Sud et de l’Est (Départments: du Dja-et-LOBO pour la partie Ouest,du Haut-Nyong pour la partie Est),Cameroon,Africa"
Nahanni National Park,"Northwest Territories,Canada,Europe and North America"
Dinosaur Provincial Park,"Province of Alberta,Canada,Europe and North America"
SGang Gwaay,"Province of British Columbia,Canada,Europe and North America"
Head-Smashed-In Buffalo Jump,"Province of Alberta,Canada,Europe and North America"
Historic District of Old Québec,"Province of Quebec,City of Quebec,Canada,Europe and North America"
Miguasha National Park,"Gaspé Peninsula,Province of Quebec,Canada,Europe and North America"
Old Town Lunenburg,"Nova Scotia,Canada,Europe and North America"
Rideau Canal,"Province of Ontario,Canada,Europe and North America"
Landscape of Grand Pré,"Canada,Europe and North America"
Red Bay Basque Whaling Station,"Canada,Europe and North America"
Manovo-Gounda St Floris National Park,"Bamingui-Bangoran,Central African Republic,Africa"
Lakes of Ounianga,"Chad,Africa"
Ennedi Massif: Natural and Cultural Landscape,"Chad,Africa"
Rapa Nui National Park,"Easter Island province of the Valparaíso Region,Chile,Latin America and the Caribbean"
Historic Quarter of the Seaport City of Valparaíso,"Fifth Region,Province Valparaíso,Chile,Latin America and the Caribbean"
Sewell Mining Town,"Libertador General Bernardo O'Higgins Region,Province of Cachapoal,Municipality of Machali,Chile,Latin America and the Caribbean"
Humberstone and Santa Laura Saltpeter Works,"Province of Iquique,Chile,Latin America and the Caribbean"
Mogao Caves,"Dunhuang County,Gansu Province.  At the eastern foot of Mount Mingsha,25 kilometres southeast of the County seat.,China,Asia and the Pacific"
Mausoleum of the First Qin Emperor,"Lintong County,Shaanxi Province,China,Asia and the Pacific"
Peking Man Site at Zhoukoudian,"Fangshanxian County,Beijing,China,Asia and the Pacific"
Jiuzhaigou Valley Scenic and Historic Interest Area,"Nanping County,Sichuan Province,China,Asia and the Pacific"
Huanglong Scenic and Historic Interest Area,"Songpan County,Sichuan Province,China,Asia and the Pacific"
Wulingyuan Scenic and Historic Interest Area,"The Wulingyuan District of the City of Dayong,Hunan Province,China,Asia and the Pacific"
"Mountain Resort and its Outlying Temples, Chengde","Chengde City,Hebei Province,China,Asia and the Pacific"
Temple and Cemetery of Confucius and the Kong Family Mansion in Qufu,"Qufu City,Shandong Province,China,Asia and the Pacific"
Ancient Building Complex in the Wudang Mountains,"Danjiangkou City,Hubei Province,China,Asia and the Pacific"
"Historic Ensemble of the Potala Palace, Lhasa","Lhasa,Tibet Autonomous Region,China,Asia and the Pacific"
Lushan National Park,"Jiujiang City,Jiangxi Province,China,Asia and the Pacific"
"Mount Emei Scenic Area, including Leshan Giant Buddha Scenic Area","Eimeishan City,Sichuan Province,China,Asia and the Pacific"
Ancient City of Ping Yao,"Ping Yao County,Shan Xi Province,China,Asia and the Pacific"
Classical Gardens of Suzhou,"Suzhou City,Jiangsu Province,China,Asia and the Pacific"
Temple of Heaven: an Imperial Sacrificial Altar in Beijing,"Tiantan Park,Beijing,China,Asia and the Pacific"
Mount Wuyi,"Wuyishan City,Fujian Province,China,Asia and the Pacific"
Dazu Rock Carvings,"Dazu County,Chongqing Municipality,China,Asia and the Pacific"
Mount Qingcheng and the Dujiangyan Irrigation System,"Dujiangyan City,Sichuan Province,China,Asia and the Pacific"
Ancient Villages in Southern Anhui – Xidi and Hongcun,"Yi county,Huangshan city,Anhui Province,China,Asia and the Pacific"
Longmen Grottoes,"Luoyang City,Henan Province,China,Asia and the Pacific"
Yungang Grottoes,"Datong City,Shanxi Province,China,Asia and the Pacific"
Historic Centre of Macao,"Macao Special Administrative Region,China,Asia and the Pacific"
Yin Xu,"Henan Province,China,Asia and the Pacific"
"Sichuan Giant Panda Sanctuaries - Wolong, Mt Siguniang and Jiajin Mountains ","Sichuan Province,China,Asia and the Pacific"
Kaiping Diaolou and Villages,"Guangdong Province,China,Asia and the Pacific"
Mount Sanqingshan National Park,"China,Asia and the Pacific"
Mount Wutai,"Shanxi Province,China,Asia and the Pacific"
China Danxia,"China,Asia and the Pacific"
Historic Monuments of Dengfeng in “The Centre of Heaven and Earth”,"China,Asia and the Pacific"
West Lake Cultural Landscape of Hangzhou,"China,Asia and the Pacific"
Chengjiang Fossil Site,"China,Asia and the Pacific"
Site of Xanadu,"China,Asia and the Pacific"
Xinjiang Tianshan,"China,Asia and the Pacific"
Cultural Landscape of Honghe Hani Rice Terraces ,"China,Asia and the Pacific"
Mount Huangshan,"Anhui Province,China,Asia and the Pacific"
South China Karst,"China,Asia and the Pacific"
Tusi Sites,"China,Asia and the Pacific"
Zuojiang Huashan Rock Art Cultural Landscape,"China,Asia and the Pacific"
Hubei Shennongjia,"Hubei Province,China,Asia and the Pacific"
The Grand Canal,"China,Asia and the Pacific"
"Port, Fortresses and Group of Monuments, Cartagena","Bolivar Department,Colombia,Latin America and the Caribbean"
Historic Centre of Santa Cruz de Mompox,"Bolívar Department,Colombia,Latin America and the Caribbean"
National Archeological Park of Tierradentro,"Department of Cauca,in the jurisdiction of the municipality of Inza,in the “corregimiento” of San Andres de Pisimbalá,Colombia,Latin America and the Caribbean"
Malpelo Fauna and Flora Sanctuary,"Valle del Cauca Region,Colombia,Latin America and the Caribbean"
Coffee Cultural Landscape of Colombia,"Colombia,Latin America and the Caribbean"
Cocos Island National Park,"Province of Puntarenas,South Eastern Tropical Pacific,Costa Rica,Latin America and the Caribbean"
Precolumbian Chiefdom Settlements with Stone Spheres of the Diquís,"Costa Rica,Latin America and the Caribbean"
Historic Town of Grand-Bassam,"Côte d'Ivoire,Africa"
Old City of Dubrovnik,"County of Dubrovnik-Neretva,Adriatic Coast,Croatia,Europe and North America"
Historical Complex of Split with the Palace of Diocletian,"County of Split-Dalmatia,Croatia,Europe and North America"
Plitvice Lakes National Park,"Croatia,Europe and North America"
Episcopal Complex of the Euphrasian Basilica in the Historic Centre of Poreč,"County of Istria,Croatia,Europe and North America"
Historic City of Trogir,"County of Split-Dalmatia,Croatia,Europe and North America"
The Cathedral of St James in Šibenik,"County of Šibenik-Knin,Croatia,Europe and North America"
Old Havana and its Fortification System,"Province of Ciudad de la Habana,Cuba,Latin America and the Caribbean"
Trinidad and the Valley de los Ingenios,"Province of Sancti Spiritus,Cuba,Latin America and the Caribbean"
Viñales Valley,"Province of Pinar del Rio,Cuba,Latin America and the Caribbean"
"San Pedro de la Roca Castle, Santiago de Cuba","Provincia de Santiago de Cuba,Cuba,Latin America and the Caribbean"
Desembarco del Granma National Park,"Desembarco del Granma National Park,south-east corner of the the Republic of Cuba,Cuba,Latin America and the Caribbean"
Urban Historic Centre of Cienfuegos ,"Municipality of Cienfuegos,Cuba,Latin America and the Caribbean"
Historic Centre of Camagüey,"Camagüey Province,Cuba,Latin America and the Caribbean"
Paphos,"District of Paphos,Cyprus,Europe and North America"
Choirokoitia,"District of Larnaca,Cyprus,Europe and North America"
Historic Centre of Český Krumlov,"South Bohemian Region,Czechia,Europe and North America"
Historic Centre of Telč,"Vysocina Region,Czechia,Europe and North America"
Holy Trinity Column in Olomouc,"Olomouc Region,Czechia,Europe and North America"
Holašovice Historic Village,"South Bohemian Region,Czechia,Europe and North America"
Litomyšl Castle,"Pardubice Region,Czechia,Europe and North America"
Jewish Quarter and St Procopius' Basilica in Třebíč,"Trebíc district,Vysocina Region,Czechia,Europe and North America"
Historic Centre of Prague,"Prague,Czechia,Europe and North America"
Historic Monuments and Sites in Kaesong,"Democratic People's Republic of Korea,Asia and the Pacific"
Garamba National Park,"Orientale Province,Democratic Republic of the Congo,Africa"
Roskilde Cathedral,"Island of Sjaelland,City of Roskilde,Sealand Region,Denmark,Europe and North America"
Kronborg Castle,"Island of Sjaelland,City of Helsingör,Capital Region of Denmark,Denmark,Europe and North America"
"Jelling Mounds, Runic Stones and Church","Vejle Commune,Region of Southern Denmark,Denmark,Europe and North America"
Ilulissat Icefjord,"West coast of Greenland,Bay of Disko Bugt (bight),Municipality of Ilulissat,Denmark,Europe and North America"
Stevns Klint,"Denmark,Europe and North America"
"Christiansfeld, a Moravian Church Settlement","N55 21 20 E9 28 53,Denmark,Region of Southern Denmark,Europe and North America"
The par force hunting landscape in North Zealand,"Denmark,Europe and North America"
Morne Trois Pitons National Park,"South central part of the island,Dominica,Latin America and the Caribbean"
Colonial City of Santo Domingo,"Distrito Nacional,Dominican Republic,Latin America and the Caribbean"
Historic Centre of Santa Ana de los Ríos de Cuenca,"Province of Azuay,Ecuador,Latin America and the Caribbean"
Memphis and its Necropolis – the Pyramid Fields from Giza to Dahshur,"Governorate of Giza,Egypt,Arab States"
Ancient Thebes with its Necropolis,"Governorate of Qina,Egypt,Arab States"
Nubian Monuments from Abu Simbel to Philae,"Governorate of Aswan,Egypt,Arab States"
Historic Cairo,"Governorate of al-Qahirah (Cairo),Egypt,Arab States"
Saint Catherine Area,"Governorate of Janub Sina' (South Sinai),Egypt,Arab States"
Wadi Al-Hitan (Whale Valley),"Faiyum Governorate,Egypt,Arab States"
Joya de Cerén Archaeological Site,"Department of La Libertad,Canton Joya de Ceren,jurisdiction of San Juan Opico,El Salvador,Latin America and the Caribbean"
Historic Centre (Old Town) of Tallinn,"County of Harju,Estonia,Europe and North America"
Simien National Park,"Gondar Region,Ethiopia,Africa"
Lower Valley of the Awash,"Afar region,Ethiopia,Africa"
Tiya,"Sodo woreda,Gurage zone,Southern Nation Nationalities & Peoples Region,Ethiopia,Africa"
Aksum,"Tigrai Region,Ethiopia,Africa"
Lower Valley of the Omo,"Southern Nation Nationalities & Peoples Region,Ethiopia,Africa"
"Rock-Hewn Churches, Lalibela","Amhara Region,Ethiopia,Africa"
"Fasil Ghebbi, Gondar Region","Amhara Region,Ethiopia,Africa"
"Harar Jugol, the Fortified Historic Town","Harari Region,Ethiopia,Africa"
Konso Cultural Landscape,"Ethiopia,Africa"
Levuka Historical Port Town,"Fiji,Asia and the Pacific"
Bronze Age Burial Site of Sammallahdenmäki,"Region of Satakunta,Province of Western Finland,Finland,Europe and North America"
Fortress of Suomenlinna,"Helsinki Harbour,Region of Uusimaa,Province of Southern Finland,Finland,Europe and North America"
Petäjävesi Old Church,"Petäjävesi,Region of Central Finland,Province of Western Finland,Finland,Europe and North America"
Old Rauma,"Region of Satakunta,Province of Western Finland (formerly Province of Turku-Pori),Finland,Europe and North America"
Palace and Park of Fontainebleau,"Department of Seine-et-Marne,Ile-de-France,France,Europe and North America"
"Arles, Roman and Romanesque Monuments","France,Europe and North America"
"Historic Centre of Avignon: Papal Palace, Episcopal Ensemble and Avignon Bridge","Department of Vacluse,Region of Provence-Alpes-Côte-d’Azur,France,Europe and North America"
Historic Fortified City of Carcassonne,"Department of Aude,Languedoc-Roussillon Region,France,Europe and North America"
Strasbourg – Grande île,"Department of Bas-Rhin,Alsace Region,France,Europe and North America"
"Paris, Banks of the Seine","Ile de France,France,Europe and North America"
"Cathedral of Notre-Dame, Former Abbey of Saint-Rémi and Palace of Tau, Reims","Department of Marne,Champagne Ardenne Region,France,Europe and North America"
"Provins, Town of Medieval Fairs","Department of Seine-et-Marne,Ile-de-France,France,Europe and North America"
Jurisdiction of Saint-Emilion,"Department of the Gironde,Region of Aquitaine,France,Europe and North America"
The Loire Valley between Sully-sur-Loire and Chalonnes,"France,Europe and North America"
"Le Havre, the City Rebuilt by Auguste Perret","Department of Seine-Maritime,Region of Haute-Normandie,France,Europe and North America"
"Bordeaux, Port of the Moon","Department of Gironde,Region of Aquitaine,France,Europe and North America"
Lagoons of New Caledonia: Reef Diversity and Associated Ecosystems,"France,Europe and North America"
Cistercian Abbey of Fontenay,"Department of Côte d'Or,Burgundy Region,France,Europe and North America"
Pont du Gard (Roman Aqueduct),"France,Europe and North America"
"Roman Theatre and its Surroundings and the ""Triumphal Arch"" of Orange","Department of Vacluse,Region of Provence-Alpes-Côte-d’Azur,France,Europe and North America"
Mont-Saint-Michel and its Bay,"Department of Manche,Region of Basse-Normandie,France,Europe and North America"
Palace and Park of Versailles,"Department of Yvelines,Ile-de-France,France,Europe and North America"
"Vézelay, Church and Hill","Department of Yonne,Bourgogne Region,France,Europe and North America"
"Pitons, cirques and remparts of Reunion Island","France,Europe and North America"
Episcopal City of Albi,"France,Europe and North America"
Chartres Cathedral,"Department of Eure-et-Loire,Centre Region,France,Europe and North America"
Nord-Pas de Calais Mining Basin,"France,Europe and North America"
"The Causses and the Cévennes, Mediterranean agro-pastoral Cultural Landscape","France,Europe and North America"
Amiens Cathedral,"Department of Somme,Picardie Region,France,Europe and North America"
Bourges Cathedral,"Department of Cher,Centre Region,France,Europe and North America"
"Decorated Cave of Pont d’Arc, known as Grotte Chauvet-Pont d’Arc, Ardèche","France,Europe and North America"
"Champagne Hillsides, Houses and Cellars","France,Europe and North America"
Abbey Church of Saint-Savin sur Gartempe,"Department of Vienne,Poitou-Charentes Region,France,Europe and North America"
"Place Stanislas, Place de la Carrière and Place d'Alliance in Nancy","Department of Meurthe-et-Moselle,Lorraine Region,France,Europe and North America"
Historical Monuments of Mtskheta,"City of Mtskheta,Region of Mtskheta-Mtianeti,Georgia,Europe and North America"
Upper Svaneti,"Village of Chajashi,Mestia district,Region of Samegrelo-Zemo Svateni,Georgia,Europe and North America"
Bagrati Cathedral and Gelati Monastery,"City of Kutaisi,Region of Imereti,Georgia,Europe and North America"
Speyer Cathedral,"State of Rhineland-Palatinate (Rheinland-Pfalz),Germany,Europe and North America"
Castles of Augustusburg and Falkenlust at Brühl,"State of North Rhine-Westphalia (Nordrhein-Westfalen),Germany,Europe and North America"
"Roman Monuments, Cathedral of St Peter and Church of Our Lady in Trier","State of Rhineland-Palatinate (Rheinland-Pfalz),Germany,Europe and North America"
Garden Kingdom of Dessau-Wörlitz,"State of Saxony-Anhalt (Sachsen-Anhalt),Germany,Europe and North America"
"Collegiate Church, Castle and Old Town of Quedlinburg","State of Saxony-Anhalt (Sachsen-Anhalt),Germany,Europe and North America"
Maulbronn Monastery Complex,"District of Enz,State of Baden-Württemberg,Germany,Europe and North America"
Town of Bamberg,"District of Upper Franconia,Germany,Europe and North America"
Völklingen Ironworks,"State of Saarland,Germany,Europe and North America"
Classical Weimar,"State of Thuringia (Thüringen),Germany,Europe and North America"
"Museumsinsel (Museum Island), Berlin","Berlin (city-state),Germany,Europe and North America"
Wartburg Castle,"Eisenach,State of Thuringia (Thüringen),Germany,Europe and North America"
Monastic Island of Reichenau,"District of Freiburg,State of Baden-Württemberg,Germany,Europe and North America"
Zollverein Coal Mine Industrial Complex in Essen,"State of North Rhine-Westphalia (Nordrhein-Westfalen),Germany,Europe and North America"
Historic Centres of Stralsund and Wismar,"State of Mecklenburg-Western Pomerania (Mecklenburg-Vorpommern),Germany,Europe and North America"
Town Hall and Roland on the Marketplace of Bremen,"Bremen (city-state),Germany,Europe and North America"
Old town of Regensburg with Stadtamhof,"Bavaria,Germany,Europe and North America"
Berlin Modernism Housing Estates,"Germany,Europe and North America"
St Mary's Cathedral and St Michael's Church at Hildesheim,"District of Hanover,State of Lower Saxony (Niedersachsen),Germany,Europe and North America"
Cologne Cathedral,"State of North Rhine-Westphalia (Nordrhein-Westfalen),Germany,Europe and North America"
Hanseatic City of Lübeck,"State of Schleswig-Holstein,Germany,Europe and North America"
Messel Pit Fossil Site,"District of Darmstadt-Dieburg,State of Hesse (Hessen),Germany,Europe and North America"
Würzburg Residence with the Court Gardens and Residence Square,"District of Lower Franconia,State of Bavaria (Bayern),Germany,Europe and North America"
Fagus Factory in Alfeld,"Germany,Europe and North America"
Margravial Opera House Bayreuth,"Germany,Europe and North America"
Pilgrimage Church of Wies,"Town of Steingaden,District of Weilheim-Schongau,Region of Upper Bavaria,State of Bavaria (Bayern),Germany,Europe and North America"
Abbey and Altenmünster of Lorsch,"District of Bergstrasse,State of Hesse (Hessen),Germany,Europe and North America"
Bergpark Wilhelmshöhe,"Germany,Europe and North America"
Aachen Cathedral ,"State of North Rhine-Westphalia (Nordrhein-Westfalen),Germany,Europe and North America"
Carolingian Westwork and Civitas Corvey,"Germany,Europe and North America"
Asante Traditional Buildings,"Asante Region,Ghana,Africa"
Archaeological Site of Delphi,"Prefecture of Phokis,Region of Central Greece,Greece,Europe and North America"
Mount Athos,"Autonomous region of Mount Athos,Greece,Europe and North America"
Paleochristian and Byzantine Monuments of Thessalonika,"Prefecture of Thessaloniki,Region of Central Macedonia,Greece,Europe and North America"
Sanctuary of Asklepios at Epidaurus,"Prefecture of Argolis,Region of the Peloponnesos,Greece,Europe and North America"
Medieval City of Rhodes,"Prefecture of Dodecanese,Region of the South Aegean,Greece,Europe and North America"
Archaeological Site of Mystras,"Prefecture of Laconia,Region of the Peloponnesos,Greece,Europe and North America"
Archaeological Site of Olympia,"Prefecture of Ilia,Region of West Greece in the Western Peloponnese,Greece,Europe and North America"
"Monasteries of Daphni, Hosios Loukas and Nea Moni of Chios","Regions of Attica,Central Greece,North Aegean,Greece,Europe and North America"
Pythagoreion and Heraion of Samos,"Prefecture of Samos,Region of the North Aegean,Greece,Europe and North America"
Archaeological Site of Aigai (modern name Vergina),"Prefecture of Imathia,Region of Central Macedonia,Greece,Europe and North America"
Archaeological Sites of Mycenae and Tiryns,"Prefecture of Argolis,Region of the Peloponnesos,Greece,Europe and North America"
The Historic Centre (Chorá) with the Monastery of Saint-John the Theologian and the Cave of the Apocalypse on the Island of Pátmos,"Prefecture of Dodecanese,Region of the South Aegean,Greece,Europe and North America"
Old Town of Corfu,"Ionian Islands,Corfu Prefecture,Greece,Europe and North America"
Archaeological Site of Philippi,"Greece,Europe and North America"
Tikal National Park,"Department of El Peten,Guatemala,Latin America and the Caribbean"
Antigua Guatemala,"Department of Sacatepéquez,Panchoy Valley,Guatemala,Latin America and the Caribbean"
Archaeological Park and Ruins of Quirigua,"Department of Izabal,Guatemala,Latin America and the Caribbean"
"National History Park – Citadel, Sans Souci, Ramiers","Département du Nord,Haiti,Latin America and the Caribbean"
Vatican City,"Vatican City State,Holy See,Europe and North America"
Río Plátano Biosphere Reserve,"Northeast of the country in the area known as the “Mosquitia Hondureña”,Honduras,Latin America and the Caribbean"
"Budapest, including the Banks of the Danube, the Buda Castle Quarter and Andrássy Avenue","Budapest,Hungary,Europe and North America"
Old Village of Hollókő and its Surroundings,"County of Nógrád,Hungary,Europe and North America"
Millenary Benedictine Abbey of Pannonhalma and its Natural Environment,"County of Györ-Moson-Sopron,Hungary,Europe and North America"
Early Christian Necropolis of Pécs (Sopianae),"County of Baranya,Hungary,Europe and North America"
Tokaj Wine Region Historic Cultural Landscape,"County of Borsod-Abaúj-Zemplén,Hungary,Europe and North America"
Þingvellir National Park,"Bláskógabyggð municipality,district of Arnessysla,Iceland,Europe and North America"
Surtsey,"Iceland,Europe and North America"
"Qutb Minar and its Monuments, Delhi","Delhi,India,Asia and the Pacific"
Churches and Convents of Goa,"State of Goa,India,Asia and the Pacific"
Group of Monuments at Pattadakal,"State of Karnataka,Bijapur District,Badami Taluk,India,Asia and the Pacific"
Khajuraho Group of Monuments,"State of Madhya Pradesh,India,Asia and the Pacific"
Ajanta Caves,"Maharashtra State,Aurangabad District,Soyagon Taluka,Lenapur Village,India,Asia and the Pacific"
Ellora Caves,"Maharashtra State,Aurangabad District,Khulatabad Taluk,Verul Village,India,Asia and the Pacific"
Elephanta Caves,"Maharashtra State,District Kolaba (Island of Elephanta),India,Asia and the Pacific"
"Sun Temple, Konârak","State of Orissa,Puri District,India,Asia and the Pacific"
Group of Monuments at Mahabalipuram,"Tamil Nadu State,Chingleput District,India,Asia and the Pacific"
Great Living Chola Temples,"India,Asia and the Pacific"
Agra Fort,"Uttar Pradesh,Agra District,India,Asia and the Pacific"
Taj Mahal,"Uttar Pradesh,Agra District,India,Asia and the Pacific"
Fatehpur Sikri,"Uttar Pradesh,Agra District,India,Asia and the Pacific"
Nanda Devi and Valley of Flowers National Parks  ,"State of Uttaranchal,India,Asia and the Pacific"
Kaziranga National Park,"State of Assam,India,Asia and the Pacific"
Manas Wildlife Sanctuary,"State of Assam,India,Asia and the Pacific"
Sundarbans National Park,"West Bengal,India,Asia and the Pacific"
Buddhist Monuments at Sanchi,"Madhya Pradesh,India,Asia and the Pacific"
Rock Shelters of Bhimbetka,"Madhya Pradesh,India,Asia and the Pacific"
Mahabodhi Temple Complex at Bodh Gaya,"State of Bihar,Eastern India,India,Asia and the Pacific"
Champaner-Pavagadh Archaeological Park,"Gujarat state,district of Panchmahal,India,Asia and the Pacific"
Red Fort Complex,"New Delhi State,Central District,New Delhi,India,Asia and the Pacific"
Mountain Railways of India,"India,Asia and the Pacific"
"The Jantar Mantar, Jaipur","India,Asia and the Pacific"
Western Ghats,"India,Asia and the Pacific"
Group of Monuments at Hampi,"Karnataka,Bellary District,India,Asia and the Pacific"
Hill Forts of Rajasthan,"India,Asia and the Pacific"
"Rani-ki-Vav (the Queen’s Stepwell) at Patan, Gujarat","India,Asia and the Pacific"
Great Himalayan National Park Conservation Area,"India,Asia and the Pacific"
"Archaeological Site of Nalanda Mahavihara (Nalanda University) at Nalanda, Bihar","State of Bihar,India,Asia and the Pacific"
Khangchendzonga National Park,"India,Asia and the Pacific"
"Humayun's Tomb, Delhi","Delhi,India,Asia and the Pacific"
Borobudur Temple Compounds,"Regency of Magelang,Province of Central Java,Indonesia,Asia and the Pacific"
Sangiran Early Man Site,"Province of Central Java,Indonesia,Asia and the Pacific"
Komodo National Park,"East Nusa Tenggara Province,Indonesia,Asia and the Pacific"
Prambanan Temple Compounds,"Province of Central Java,Indonesia,Asia and the Pacific"
Lorentz National Park,"Province of Papua (formerly Irian Jaya),Indonesia,Asia and the Pacific"
Cultural Landscape of Bali Province: the Subak System as a Manifestation of the Tri Hita Karana Philosophy,"Indonesia,Asia and the Pacific"
Tchogha Zanbil,"Khuzestan,Iran (Islamic Republic of),Asia and the Pacific"
Persepolis,"Fars,Iran (Islamic Republic of),Asia and the Pacific"
"Meidan Emam, Esfahan","Esfahan,Iran (Islamic Republic of),Asia and the Pacific"
Takht-e Soleyman,"Western Azerbaijan Province,Iran (Islamic Republic of),Asia and the Pacific"
Pasargadae,"Pars Province,Iran (Islamic Republic of),Asia and the Pacific"
Soltaniyeh,"Zanjan province,Iran (Islamic Republic of),Asia and the Pacific"
Bisotun,"Province of Kermanshah,Iran (Islamic Republic of),Asia and the Pacific"
Armenian Monastic Ensembles of Iran,"Iran (Islamic Republic of),Asia and the Pacific"
Bam and its Cultural Landscape,"Kerman Province,Bam District,Iran (Islamic Republic of),Asia and the Pacific"
Shushtar Historical Hydraulic System,"Iran (Islamic Republic of),Asia and the Pacific"
Sheikh Safi al-din Khānegāh and Shrine Ensemble in Ardabil,"Iran (Islamic Republic of),Asia and the Pacific"
Tabriz Historic Bazaar Complex,"Iran (Islamic Republic of),Asia and the Pacific"
The Persian Garden,"Iran (Islamic Republic of),Asia and the Pacific"
Masjed-e Jāmé of Isfahan  ,"Iran (Islamic Republic of),Asia and the Pacific"
Gonbad-e Qābus,"Iran (Islamic Republic of),Asia and the Pacific"
Golestan Palace,"Iran (Islamic Republic of),Asia and the Pacific"
Susa,"Iran (Islamic Republic of),Asia and the Pacific"
Shahr-i Sokhta,"Iran (Islamic Republic of),Asia and the Pacific"
Cultural Landscape of Maymand,"Iran (Islamic Republic of),Asia and the Pacific"
Lut Desert,"Iran (Islamic Republic of),Asia and the Pacific"
The Persian Qanat,"Iran (Islamic Republic of),Asia and the Pacific"
Hatra,"Governorate of Ninawa,Iraq,Arab States"
Ashur (Qal'at Sherqat),"Governorate of Salah ad Din,Iraq,Arab States"
Samarra Archaeological City,"Samarra Township,Salah al-Din Governorate,Iraq,Arab States"
Erbil Citadel,"Iraq,Arab States"
Brú na Bóinne - Archaeological Ensemble of the Bend of the Boyne,"County Meath,Ireland,Europe and North America"
Sceilg Mhichíl,"County Kerry,Ireland,Europe and North America"
Masada,"Israel,Europe and North America"
Old City of Acre,"Western Galilee,Israel,Europe and North America"
White City of Tel-Aviv -- the Modern Movement,"Israel,Europe and North America"
Incense Route - Desert Cities in the Negev,"Negev Region,Israel,Europe and North America"
"Biblical Tels - Megiddo, Hazor, Beer Sheba","Israel,Europe and North America"
Sites of Human Evolution at Mount Carmel: The Nahal Me’arot / Wadi el-Mughara Caves,"Israel,Europe and North America"
Caves of Maresha and Bet-Guvrin in the Judean Lowlands as a Microcosm of the Land of the Caves,"Israel,Europe and North America"
Necropolis of Bet She’arim: A Landmark of Jewish Renewal,"Israel,Europe and North America"
Church and Dominican Convent of Santa Maria delle Grazie with “The Last Supper” by Leonardo da Vinci,"Province of Milano,Lombardy,Italy,Europe and North America"
Rock Drawings in Valcamonica,"Province of Brescia,Lombardy,Italy,Europe and North America"
Venice and its Lagoon,"Province of Venezia,Veneto Region,Italy,Europe and North America"
Historic Centre of San Gimignano,"Province of Siena,Tuscany,Italy,Europe and North America"
Crespi d'Adda,"Province of Bergamo,Lombardy,Italy,Europe and North America"
The Trulli of Alberobello,"Province of Bari,Puglia Region,Italy,Europe and North America"
Historic Centre of the City of Pienza,"Province of Siena,Tuscany,Italy,Europe and North America"
Archaeological Area and the Patriarchal Basilica of Aquileia,"Province of Udine,Friuli-Venezia Giulia Region,Italy,Europe and North America"
"Portovenere, Cinque Terre, and the Islands (Palmaria, Tino and Tinetto)","Province of La Spezia,Liguria Region,Italy,Europe and North America"
Historic Centre of Urbino,"Province of Pesaro,Marche Region,Italy,Europe and North America"
"Archaeological Areas of Pompei, Herculaneum and Torre Annunziata","Province of Naples,Campania,Italy,Europe and North America"
Costiera Amalfitana,"Province of Salerno,Campania,Italy,Europe and North America"
Archaeological Area of Agrigento,"Province of Agrigento,Sicily,Italy,Europe and North America"
Villa Romana del Casale,"Piazza Armerina,Province of Enna,Sicily,Italy,Europe and North America"
Su Nuraxi di Barumini,"Province of Medio Campidano,Sardinia,Italy,Europe and North America"
"Cilento and Vallo di Diano National Park with the Archeological Sites of Paestum and Velia, and the Certosa di Padula","Province of Salerno,Campania,Italy,Europe and North America"
Villa Adriana (Tivoli),"Province of Rome,Region of Latium,Italy,Europe and North America"
Isole Eolie (Aeolian Islands),"Southern Tyrrhenian Sea,Mediterranean Sea,Italy,Europe and North America"
"Villa d'Este, Tivoli","Province of Rome,Region of Latium,Italy,Europe and North America"
Val d'Orcia,"Province of Siena,Tuscany,Italy,Europe and North America"
Genoa: Le Strade Nuove and the system of the Palazzi dei Rolli,"Liguria Region,Genoa Province,Italy,Europe and North America"
Mantua and Sabbioneta,"Italy,Europe and North America"
The Dolomites,"Italy,Europe and North America"
Residences of the Royal House of Savoy,"Province of Torino,Piedmont Region,Italy,Europe and North America"
Longobards in Italy. Places of the Power (568-774 A.D.),"Italy,Europe and North America"
Medici Villas and Gardens in Tuscany,"Italy,Europe and North America"
Mount Etna,"Italy,Europe and North America"
Arab-Norman Palermo and the Cathedral Churches of Cefalú and Monreale,"Italy,Europe and North America"
Blue and John Crow Mountains ,"Jamaica,Latin America and the Caribbean"
Buddhist Monuments in the Horyu-ji Area,"Nara Prefecture,Japan,Asia and the Pacific"
Himeji-jo,"Hyogo Prefecture,Japan,Asia and the Pacific"
Hiroshima Peace Memorial (Genbaku Dome),"Hiroshima Prefecture,Japan,Asia and the Pacific"
Itsukushima Shinto Shrine,"Hiroshima Prefecture,Japan,Asia and the Pacific"
Historic Monuments of Ancient Nara,"Nara Prefecture,Japan,Asia and the Pacific"
Shrines and Temples of Nikko,"Tochigi Prefecture,Japan,Asia and the Pacific"
Gusuku Sites and Related Properties of the Kingdom of Ryukyu,"Okinawa Prefecture,Japan,Asia and the Pacific"
Shiretoko,"Hokkaido prefecture,Japan,Asia and the Pacific"
Iwami Ginzan Silver Mine and its Cultural Landscape,"Shimane Prefecture,Ohda City District,Japan,Asia and the Pacific"
Ogasawara Islands,"Japan,Asia and the Pacific"
"Hiraizumi – Temples, Gardens and Archaeological Sites Representing the Buddhist Pure Land","Japan,Asia and the Pacific"
"Fujisan, sacred place and source of artistic inspiration","Japan,Asia and the Pacific"
Tomioka Silk Mill and Related Sites,"Japan,Asia and the Pacific"
"Sites of Japan’s Meiji Industrial Revolution: Iron and Steel, Shipbuilding and Coal Mining","Japan,Asia and the Pacific"
Old City of Jerusalem and its Walls,"Jerusalem District,Jerusalem (Site proposed by Jordan),Arab States"
Petra,"Ma’an Governorate,Jordan,Arab States"
Quseir Amra,"Az Zarqa' Governorate,Eastern desert,Jordan,Arab States"
Um er-Rasas (Kastrom Mefa'a),"Madaba Governorate,Jordan,Arab States"
Wadi Rum Protected Area,"Jordan,Arab States"
Baptism Site “Bethany Beyond the Jordan” (Al-Maghtas),"Jordan,Arab States"
Mausoleum of Khoja Ahmed Yasawi,"South Kazakhstan Oblast,City of Turkestan,Kazakhstan,Asia and the Pacific"
Petroglyphs within the Archaeological Landscape of Tamgaly,"Almaty Oblast,Kazakhstan,Asia and the Pacific"
Saryarka – Steppe and Lakes of Northern Kazakhstan,"Kazakhstan,Asia and the Pacific"
Lake Turkana National Parks,"Kenya,Africa"
Lamu Old Town,"Coast Province,Lamu District,Kenya,Africa"
Sacred Mijikenda Kaya Forests,"Coast Province,Kenya,Africa"
Kenya Lake System in the Great Rift Valley,"Kenya,Africa"
"Fort Jesus, Mombasa","Kenya,Africa"
Mount Kenya National Park/Natural Forest,"Kenya,Africa"
Phoenix Islands Protected Area,"Kiribati,Asia and the Pacific"
Sulaiman-Too Sacred Mountain,"Kyrgyzstan,Asia and the Pacific"
Vat Phou and Associated Ancient Settlements within the Champasak Cultural Landscape,"Champasak Province,Lao People's Democratic Republic,Asia and the Pacific"
Town of Luang Prabang,"Province of Luang Prabang,Lao People's Democratic Republic,Asia and the Pacific"
Historic Centre of Riga,"City of Riga,Latvia,Europe and North America"
Ouadi Qadisha (the Holy Valley) and the Forest of the Cedars of God (Horsh Arz el-Rab),"Qadisha Valley,Becharre District,Governorate of North Lebanon,Lebanon,Arab States"
Archaeological Site of Leptis Magna,"District of Khoms,Libya,Arab States"
Archaeological Site of Sabratha,"District of Zawia,Libya,Arab States"
Archaeological Site of Cyrene,"District of Ghebel Akhdar,Libya,Arab States"
Rock-Art Sites of Tadrart Acacus,"Fezzan,Libya,Arab States"
Old Town of Ghadamès,"Libya,Arab States"
Kernavė  Archaeological Site (Cultural Reserve of Kernavė),"Vilnius county,Širvintos district,Kernave town.,Lithuania,Europe and North America"
Vilnius Historic Centre,"City of Vilnius,Lithuania,Europe and North America"
City of Luxembourg: its Old Quarters and Fortifications,"Luxemburg,Luxembourg,Europe and North America"
Tsingy de Bemaraha Strict Nature Reserve,"Centre Ouest,dans le Fivondronana d’Antsalova et le Faritany de Mahajanga,Madagascar,Africa"
Royal Hill of Ambohimanga,"Municipality of Ambohimanga  Rova,Province of Antananarivo  Avaradrano,Madagascar,Africa"
Rainforests of the Atsinanana,"Madagascar,Africa"
Chongoni Rock-Art Area,"Dedza District,Central Region,Malawi,Africa"
Kinabalu Park,"State of Sabah,Malaysia,Asia and the Pacific"
Gunung Mulu National Park,"northern Sarawak,island of Borneo,Malaysia,Asia and the Pacific"
Archaeological Heritage of the Lenggong Valley,"Malaysia,Asia and the Pacific"
"Melaka and George Town, Historic Cities of the Straits of Malacca","Malaysia,Asia and the Pacific"
Old Towns of Djenné,"Djenné Circle,Region of Mopti,Mali,Africa"
Cliff of Bandiagara (Land of the Dogons),"Bandiagara Circle,Mopti Region,Mali,Africa"
Ħal Saflieni Hypogeum,"Commune of Paola,Island of Malta,Malta,Europe and North America"
City of Valletta,"Island of Malta,Malta,Europe and North America"
Bikini Atoll Nuclear Test Site,"Marshall Islands,Asia and the Pacific"
Aapravasi Ghat,"Port Louis District,Mauritius,Africa"
Le Morne Cultural Landscape,"Mauritius,Africa"
Sian Ka'an,"Quintana Roo,Cozumel et Felipe Carrillo Puerto,Mexico,Latin America and the Caribbean"
Pre-Hispanic City and National Park of Palenque,"State of Chiapas,Municipality of Palenque,Mexico,Latin America and the Caribbean"
Historic Centre of Mexico City and Xochimilco,"District Federal.  Delegations: Cuauhtemoc,Venustiano Carranza et Xochimilco,Mexico,Latin America and the Caribbean"
Historic Centre of Oaxaca and Archaeological Site of Monte Albán,"Etat de Oaxaca de Juarez,municipalites de Oaxaca,Xoxocotlan et Cuilapan,Mexico,Latin America and the Caribbean"
Historic Centre of Puebla,"Etat de Puebla,municipalites de Puebla,San Pedro Cholula et San Andres Cholula,Mexico,Latin America and the Caribbean"
Pre-Hispanic City of Chichen-Itza,"Etat de Yucatan,Municipalité de Tinum,Mexico,Latin America and the Caribbean"
Whale Sanctuary of El Vizcaino,"Basse Californie Sud,Municipality of Mulege,Mexico,Latin America and the Caribbean"
"Archaeological Zone of Paquimé, Casas Grandes","Municipality of Casas Grandes,State of Chihuahua,Mexico,Latin America and the Caribbean"
Historic Centre of Morelia,"Michoacan. Mairie de Morelia,Mexico,Latin America and the Caribbean"
"El Tajin, Pre-Hispanic City","Etat de Veracruz,municipalité de Papantla,Mexico,Latin America and the Caribbean"
Historic Centre of Zacatecas,"Zacatecas State,Zacatecas Municipality,Mexico,Latin America and the Caribbean"
Pre-Hispanic Town of Uxmal,"Etat de Yucatan,municipalites Muna et Santa Elena,Mexico,Latin America and the Caribbean"
Historic Monuments Zone of Querétaro,"Etat Querétaro,municipalité de Querétaro,Mexico,Latin America and the Caribbean"
"Hospicio Cabañas, Guadalajara","Jalisco,Guadalajara,Mexico,Latin America and the Caribbean"
Historic Monuments Zone of Tlacotalpan,"State of Veracruz,Tlacotalpan Municipality,Mexico,Latin America and the Caribbean"
Historic Fortified Town of Campeche,"State of Campeche,Mexico,Latin America and the Caribbean"
Franciscan Missions in the Sierra Gorda of Querétaro,"State of Querétaro de Arteaga (Sierra Gorda region),Mexico,Latin America and the Caribbean"
Luis Barragán House and Studio,"Mexico City,Mexico,Latin America and the Caribbean"
Agave Landscape and Ancient Industrial Facilities of Tequila,"Valles Region,Jalisco State,Mexico,Latin America and the Caribbean"
Central University City Campus of the Universidad Nacional Autónoma de México (UNAM),"Mexico City,Mexico,Latin America and the Caribbean"
Protective town of San Miguel and the Sanctuary of Jesús Nazareno de Atotonilco,"Guanajuato Region,Mexico,Latin America and the Caribbean"
Monarch Butterfly Biosphere Reserve,"Mexico,Latin America and the Caribbean"
Camino Real de Tierra Adentro,"Mexico,Latin America and the Caribbean"
El Pinacate and Gran Desierto de Altar Biosphere Reserve,"Mexico,Latin America and the Caribbean"
"Ancient Maya City and Protected Tropical Forests of Calakmul, Campeche","Mexico,Latin America and the Caribbean"
Aqueduct of Padre Tembleque Hydraulic System,"N19 50 07 W98 39 45.24,Mexico,Latin America and the Caribbean"
Nan Madol: Ceremonial Centre of Eastern Micronesia,"Micronesia (Federated States of),Asia and the Pacific"
Orkhon Valley Cultural Landscape,"Orkhon-Kharkorin Region,Mongolia,Asia and the Pacific"
Petroglyphic Complexes of the Mongolian Altai,"Mongolia,Asia and the Pacific"
Great Burkhan Khaldun Mountain and its surrounding sacred landscape,"Mongolia,Asia and the Pacific"
Durmitor National Park,"Republic of Montenegro,Montenegro,Europe and North America"
Medina of Fez,"City of Fez,Morocco,Arab States"
Medina of Marrakesh,"Province of Marrakesh,Morocco,Arab States"
Ksar of Ait-Ben-Haddou,"Morocco,Arab States"
Medina of Essaouira (formerly Mogador),"Province of Essaouira,Tensift Region,Morocco,Arab States"
Historic City of Meknes,"region centre sud,Wilaya de Meknes,Morocco,Arab States"
Medina of Tétouan (formerly known as Titawin),"Region Nord-Ouest,Wilaya de Tétouan,Province of Tétouan,Medina of Tétouan,Morocco,Arab States"
Portuguese City of Mazagan (El Jadida),"Region: Doukkala-Abda,Province El Jadida,Morocco,Arab States"
Archaeological Site of Volubilis,"Province Meknès El Menzeh Meulay-Idriss Zerhoun,Wilaya de Meknès,Morocco,Arab States"
"Rabat, Modern Capital and Historic City: a Shared Heritage","Morocco,Arab States"
Island of Mozambique,"Ilha de Mocambique District,Nampula Province,Mozambique,Africa"
Pyu Ancient Cities,"Myanmar,Asia and the Pacific"
Twyfelfontein or /Ui-//aes,"Kunene Region,Namibia,Africa"
Namib Sand Sea,"Namibia,Africa"
Sagarmatha National Park,"Solu-Khumbu District of the Sagarmatha Zone,Nepal,Asia and the Pacific"
Chitwan National Park,"Chitwan District of the Narayani Zone,Nepal,Asia and the Pacific"
"Lumbini, the Birthplace of the Lord Buddha","Lumbini Zone,Rupandehi District,Western Terai,Nepal,Asia and the Pacific"
Kathmandu Valley ,"Kathmandu Valley,Nepal,Asia and the Pacific"
Schokland and Surroundings,"Noordoostpolder,Province of Flevoland,Netherlands,Europe and North America"
Defence Line of Amsterdam,"Provinces of Noord-Holland (NH),Utrecht (UT),Netherlands,Europe and North America"
"Historic Area of Willemstad, Inner City and Harbour, Curaçao","Netherlands,Europe and North America"
Ir.D.F. Woudagemaal (D.F. Wouda Steam Pumping Station),"Lemmer,Lemsterland Municipality,Province of Friesland,Netherlands,Europe and North America"
Droogmakerij de Beemster (Beemster Polder),"Province of Noord-Holland,Netherlands,Europe and North America"
Seventeenth-Century Canal Ring Area of Amsterdam inside the Singelgracht,"Netherlands,Europe and North America"
Van Nellefabriek,"Netherlands,Europe and North America"
Tongariro National Park,"New Zealand,Asia and the Pacific"
Te Wahipounamu – South West New Zealand,"Southwest of South Island,New Zealand,Asia and the Pacific"
New Zealand Sub-Antarctic Islands,"New Zealand Subantartic zone,New Zealand,Asia and the Pacific"
Ruins of León Viejo,"Puerto Momotombo,Municipality of La Paz Centro,Department of León,Nicaragua,Latin America and the Caribbean"
Air and Ténéré Natural Reserves,"Départment d’Agades,arrondissement d’Arlit,Niger,Africa"
W National Park of Niger,"Départment  de Tillaberi,arrondisement de Say,Niger,Africa"
Historic Centre of Agadez,"Niger,Africa"
Sukur Cultural Landscape,"Madagali Local Government Area,Adamawa State,Nigeria,Africa"
Osun-Osogbo Sacred Grove,"Osogbo,Osun State,Nigeria,Africa"
Urnes Stave Church,"Norway,Europe and North America"
Bryggen,"City of Bergen,County of Hordaland,Norway,Europe and North America"
Rock Art of Alta,"Alta municipality,county of Finnmark,Norway,Europe and North America"
Vegaøyan -- The Vega Archipelago,"Nordland,Vega,Norway,Europe and North America"
Røros Mining Town and the Circumference,"Norway,Europe and North America"
Rjukan-Notodden Industrial Heritage Site,"N59 52 43 E8 35 37,Norway,Europe and North America"
"Archaeological Sites of Bat, Al-Khutm and Al-Ayn","Al Dhahira region,Oman,Arab States"
Land of Frankincense,"Dhofar Province,Oman,Arab States"
Archaeological Ruins at Moenjodaro,"Sind,Pakistan,Asia and the Pacific"
Taxila,"Province of Punjab,Pakistan,Asia and the Pacific"
"Historical Monuments at Makli, Thatta","Province of Sind,Pakistan,Asia and the Pacific"
Fort and Shalamar Gardens in Lahore,"Lahore,Punjab,Pakistan,Asia and the Pacific"
Rohtas Fort,"Jhelum City,Punjab,Pakistan,Asia and the Pacific"
Rock Islands Southern Lagoon,"Palau,Asia and the Pacific"
"Birthplace of Jesus: Church of the Nativity and the Pilgrimage Route, Bethlehem","Palestine,Arab States"
"Palestine: Land of Olives and Vines – Cultural Landscape of Southern Jerusalem, Battir","Palestine,Arab States"
Fortifications on the Caribbean Side of Panama: Portobelo-San Lorenzo,"Distric of Cristobal,Province of Colon,Panama,Latin America and the Caribbean"
Darien National Park,"Province of Darien,Panama,Latin America and the Caribbean"
Archaeological Site of Panamá Viejo and Historic District of Panamá,"Panama’ Province,Panama’ District,Panama,Latin America and the Caribbean"
Kuk Early Agricultural Site,"Papua New Guinea,Asia and the Pacific"
Jesuit Missions of La Santísima Trinidad de Paraná and Jesús de Tavarangue,"Paraguay,Latin America and the Caribbean"
City of Cuzco,"City of Cuzco,Peru,Latin America and the Caribbean"
Historic Sanctuary of Machu Picchu,"Peru,Latin America and the Caribbean"
Chavin (Archaeological Site),"Ancash Department,Huari Province,Chavin District,Peru,Latin America and the Caribbean"
Chan Chan Archaeological Zone,"District of Huanchaco,Peru,Latin America and the Caribbean"
Historic Centre of Lima,"City of Lima,Peru,Latin America and the Caribbean"
Río Abiseo National Park,"Department of San Martin,Province Mariscal Caceres,District of Huicungo,Peru,Latin America and the Caribbean"
Lines and Geoglyphs of Nasca and Palpa,"Libertadores / Wari Region,Peru,Latin America and the Caribbean"
Historical Centre of the City of Arequipa,"Province of Arequipa,Peru,Latin America and the Caribbean"
Sacred City of Caral-Supe,"Peru,Latin America and the Caribbean"
Manú National Park,"Dep. Madre de Dios y Cusco,Provincias: Manu y Paucartambo,Peru,Latin America and the Caribbean"
Historic City of Vigan,"Province of Ilocos Sur,Philippines,Asia and the Pacific"
Puerto-Princesa Subterranean River National Park,"Palawan Province,Philippines,Asia and the Pacific"
Rice Terraces of the Philippine Cordilleras,"Ifugao Province,Cordillera Region,Luzon Island,Philippines,Asia and the Pacific"
Tubbataha Reefs Natural Park,"Municipality  of Cagayancillo,Province of Palawan,Philippines,Asia and the Pacific"
Baroque Churches of the Philippines,"Philippines,Asia and the Pacific"
Mount Hamiguitan Range Wildlife Sanctuary,"Philippines,Asia and the Pacific"
Auschwitz Birkenau German Nazi Concentration and Extermination Camp (1940-1945),"Oswiecim County,Lesser Poland (Malopolska) Voivodship (formerly Bielsko-Biala),Poland,Europe and North America"
Kalwaria Zebrzydowska: the Mannerist Architectural and Park Landscape Complex and Pilgrimage Park,"Lesser Poland (Malopolska).Voivodship (formerly Bielsko-Biala),Poland,Europe and North America"
Centennial Hall in Wrocław,"Silesia Region,Lower Silesian Voivodship,Poland,Europe and North America"
Wieliczka and Bochnia Royal Salt Mines,"Poland,Europe and North America"
Central Zone of the Town of Angra do Heroismo in the Azores,"Région autonome des Açores,Portugal,Europe and North America"
Monastery of Batalha,"Batalha (Leiria),Portugal,Europe and North America"
Convent of Christ in Tomar,"Tomar (Santarem),Portugal,Europe and North America"
Historic Centre of Évora,"Province: Alentejo,District: Evora,Portugal,Europe and North America"
Monastery of Alcobaça,"Leiria,Alcobaça,Portugal,Europe and North America"
Cultural Landscape of Sintra,"Sintra/Serra,Portugal,Europe and North America"
"Historic Centre of Oporto, Luiz I Bridge and Monastery of Serra do Pilar ","Northern region,Portugal,Europe and North America"
Laurisilva of Madeira,"Island of Madeira,Portugal,Europe and North America"
Historic Centre of Guimarães,"Province of Minho,District of Braga,Portugal,Europe and North America"
Alto Douro Wine Region,"Douro Region,Trás-os-Montes e  Alto Douro,Portugal,Europe and North America"
Landscape of the Pico Island Vineyard Culture,"Azores,Portugal,Europe and North America"
Monastery of the Hieronymites and Tower of Belém in Lisbon,"City of Lisbon,Portugal,Europe and North America"
University of Coimbra – Alta and Sofia,"Portugal,Europe and North America"
Garrison Border Town of Elvas and its Fortifications,"Portugal,Europe and North America"
Al Zubarah Archaeological Site,"Qatar,Arab States"
Seokguram Grotto and Bulguksa Temple,"Gyeongju City,Republic of Korea,Asia and the Pacific"
"Haeinsa Temple Janggyeong Panjeon, the Depositories for the Tripitaka Koreana Woodblocks","Republic of Korea,Asia and the Pacific"
Jongmyo Shrine,"Seoul,Republic of Korea,Asia and the Pacific"
Changdeokgung Palace Complex,"Seoul,Republic of Korea,Asia and the Pacific"
Hwaseong Fortress,"Gyeonggi-do Province,Republic of Korea,Asia and the Pacific"
Gyeongju Historic Areas,"Gyeongju City,Gyeongsangbuk-do Province,Republic of Korea,Asia and the Pacific"
Jeju Volcanic Island and Lava Tubes,"Republic of Korea,Asia and the Pacific"
Historic Villages of Korea: Hahoe and Yangdong,"Republic of Korea,Asia and the Pacific"
Royal Tombs of the Joseon Dynasty,"Republic of Korea,Asia and the Pacific"
Namhansanseong,"Republic of Korea,Asia and the Pacific"
Baekje Historic Areas,"Republic of Korea,Asia and the Pacific"
Danube Delta,"Tulcea County,Dobruja Region,Romania,Europe and North America"
Monastery of Horezu,"Vâlcea County,Region of Wallachia,Romania,Europe and North America"
Historic Centre of Sighişoara,"Mureş County,Region of Transylvania,Romania,Europe and North America"
Churches of Moldavia,"Romania,Europe and North America"
"Kremlin and Red Square, Moscow","City of Moscow,Russian Federation,Europe and North America"
Cultural and Historic Ensemble of the Solovetsky Islands,"Arkhangelsky region,Solovetsky district.,Russian Federation,Europe and North America"
White Monuments of Vladimir and Suzdal,"Vladimir region,Russian Federation,Europe and North America"
"Church of the Ascension, Kolomenskoye","Moscow,the South District,Russian Federation,Europe and North America"
Architectural Ensemble of the Trinity Sergius Lavra in Sergiev Posad,"Moscow region,town Sergiev-Posad (ex Zagorsk),Russian Federation,Europe and North America"
Western Caucasus,"Krasnodar Region,Russian Federation,Europe and North America"
Historic and Architectural Complex of the Kazan Kremlin,"City of Kazan,Republic of Tatarstan,Russian Federation,Europe and North America"
Ensemble of the Ferapontov Monastery,"Vologda region,Russian Federation,Europe and North America"
Ensemble of the Novodevichy Convent,"City of Moscow,Russian Federation,Europe and North America"
Historical Centre of the City of Yaroslavl,"Yaroslavl Oblast,Russian Federation,Europe and North America"
Lena Pillars Nature Park,"Russian Federation,Europe and North America"
Pitons Management Area,"near the town of Soufriere,southwestern region of St Lucia,Saint Lucia,Latin America and the Caribbean"
San Marino Historic Centre and Mount Titano,"San Marino,Europe and North America"
Al-Hijr Archaeological Site (Madâin Sâlih),"Saudi Arabia,Arab States"
At-Turaif District in ad-Dir'iyah,"Saudi Arabia,Arab States"
"Historic Jeddah, the Gate to Makkah","Saudi Arabia,Arab States"
Rock Art in the Hail Region of Saudi Arabia,"Saudi Arabia,Arab States"
Djoudj National Bird Sanctuary,"Delta of the River Senegal,Senegal,Africa"
Island of Gorée,"Cape Verde Region,Senegal,Africa"
Island of Saint-Louis,"Region of Saint-Louis,Senegal,Africa"
Saloum Delta,"Senegal,Africa"
"Bassari Country: Bassari, Fula and Bedik Cultural Landscapes","Senegal,Africa"
Stari Ras and Sopoćani,"Vicinity of Novi Pazar,Raška District,Republic of Serbia,Serbia,Europe and North America"
Studenica Monastery,"Village of Studenica,Commune of Kraljevo,Raška District,Republic of Serbia,Serbia,Europe and North America"
Medieval Monuments in Kosovo,"Autonomous province of Kosovo,Serbia,Europe and North America"
"Gamzigrad-Romuliana, Palace of Galerius","Eastern Serbia,Serbia,Europe and North America"
Aldabra Atoll,"Seychelles,Africa"
Vallée de Mai Nature Reserve,"Praslin Island,Seychelles,Africa"
Singapore Botanic Gardens,"Singapore,Asia and the Pacific"
Vlkolínec,"Ružomberok District,Zilina Region,Slovakia,Europe and North America"
"Levoča, Spišský Hrad and the Associated Cultural Monuments","Slovakia,Europe and North America"
iSimangaliso Wetland Park,"KwaZulu-Natal,South Africa,Africa"
Robben Island,"Western Cape Province,South Africa,Africa"
Richtersveld Cultural and Botanical Landscape,"Northern Cape,South Africa,Africa"
Cape Floral Region Protected Areas,"South Africa,Africa"
Mapungubwe Cultural Landscape,"Northern Province,South Africa,Africa"
Historic Centre of Cordoba,"Province of Cordoba,Autonomous Community of Andalusia,Spain,Europe and North America"
"Alhambra, Generalife and Albayzín, Granada","Province of Granada,Autonomous Community of Andalusia,Spain,Europe and North America"
Santiago de Compostela (Old Town),"Province of A Coruña,Autonomous Community of Galicia,Spain,Europe and North America"
Historic City of Toledo,"Province of Toledo,Autonomous Community of Castile-La Mancha,Spain,Europe and North America"
Garajonay National Park,"Island of La Gomera,Province of Santa Cruz de Tenerife,Canary Islands,Spain,Europe and North America"
Old City of Salamanca,"Province of Salamanca,Autonomous Community of Castile-Leon,Spain,Europe and North America"
"Ibiza, Biodiversity and Culture","Balearic Islands,Spain,Europe and North America"
Poblet Monastery,"Vimbodí,Province of  Tarragona,Autonomous Community of Catalonia,Spain,Europe and North America"
Renaissance Monumental Ensembles of Úbeda and Baeza,"Province of Jaen,Autonomous Community of Andalusia,Spain,Europe and North America"
Archaeological Ensemble of Mérida,"Province of Badajoz,Autonomous Community of Extremadura,Spain,Europe and North America"
Royal Monastery of Santa María de Guadalupe,"Province of Cáceres,Autonomous Community of Extremadura,Spain,Europe and North America"
Historic Walled Town of Cuenca,"Province of Cuenca,Autonomous Community of Castile-La Mancha,Spain,Europe and North America"
Las Médulas,"Province of Léon,Autonomous Community of Castile-Leon,Spain,Europe and North America"
Archaeological Ensemble of Tárraco,"Province of Tarragona,Autonomous Community of Catalonia,,Spain,Europe and North America"
San Cristóbal de La Laguna,"Province of Santa Cruz de Tenerife,Canary Islands,Spain,Europe and North America"
Palmeral of Elche,"Province of Alicante,Autonomous Community of Valencia,Spain,Europe and North America"
Roman Walls of Lugo,"Province of Lugo,Autonomous Community of Galicia,Spain,Europe and North America"
Catalan Romanesque Churches of the Vall de Boí,"Province of Lleida,Autonomous Community of Catalonia,Spain,Europe and North America"
Archaeological Site of Atapuerca,"Province of Burgos,Spain,Europe and North America"
Vizcaya Bridge,"Basque Country,Province of Bizjaia,Spain,Europe and North America"
Teide National Park,"Canary Island,Santa Cruz de Tenerife,Spain,Europe and North America"
Old Town of Ávila with its Extra-Muros Churches,"Province of Ávila,Autonomous Community of Castile-Leon,Spain,Europe and North America"
Tower of Hercules,"Province of A Coruña,Autonomous Community of Galicia,Spain,Europe and North America"
"Palau de la Música Catalana and Hospital de Sant Pau, Barcelona","Province of Barcelona,Autonomous Community of Catalonia,Spain,Europe and North America"
"Cathedral, Alcázar and Archivo de Indias in Seville","Province of Seville,Autonomous Community of Andalusia,Spain,Europe and North America"
Cultural Landscape of the Serra de Tramuntana,"Spain,Europe and North America"
Routes of Santiago de Compostela: Camino Francés and Routes of Northern Spain ,"Spain,Europe and North America"
Burgos Cathedral,"Province of Burgos,Autonomous Community of Castile-Leon,Spain,Europe and North America"
Antequera Dolmens Site,"Spain,Europe and North America"
Old Town of Segovia and its Aqueduct,"Province of Segovia,Autonomous Community of Castile-Leon,Spain,Europe and North America"
Old Town of Cáceres,"Province of Cáceres,Autonomous Community of Extremadura,Spain,Europe and North America"
Sacred City of Anuradhapura,"North Central Province,Anuradhapura District,Sri Lanka,Asia and the Pacific"
Ancient City of Polonnaruwa,"North Central Province,Polonnaruva District,Sri Lanka,Asia and the Pacific"
Ancient City of Sigiriya,"Central Province,Matale District,Sri Lanka,Asia and the Pacific"
Sacred City of Kandy,"Central Province,Sri Lanka,Asia and the Pacific"
Old Town of Galle and its Fortifications,"City of Galle,Southern Province,Sri Lanka,Asia and the Pacific"
Golden Temple of Dambulla,"Central Province,Matale District,Sri Lanka,Asia and the Pacific"
Central Highlands of Sri Lanka,"Sri Lanka,Asia and the Pacific"
Gebel Barkal and the Sites of the Napatan Region,"Northern state,province of Meroe,Sudan,Arab States"
Archaeological Sites of the Island of Meroe,"Sudan,Arab States"
Sanganeb Marine National Park and Dungonab Bay – Mukkawar Island Marine National Park,"Sudan,Arab States"
Historic Inner City of Paramaribo,"District of Paramaribo,Suriname,Latin America and the Caribbean"
Central Suriname Nature Reserve,"District Sipaliwini,Suriname,Latin America and the Caribbean"
Birka and Hovgården,"Stockholm County (Region of Uppland),Sweden,Europe and North America"
Engelsberg Ironworks,"Västmanland,Sweden,Europe and North America"
Rock Carvings in Tanum,"Bohuslan,Sweden,Europe and North America"
Skogskyrkogården,"Stockholm County,Sweden,Europe and North America"
Royal Domain of Drottningholm,"Province of Stockholm,Region of Ekero,Sweden,Europe and North America"
Hanseatic Town of Visby,"Island region of Gotland,Sweden,Europe and North America"
"Church Town of Gammelstad, Luleå ","County of Norrbotten (Norrbottens län),Sweden,Europe and North America"
Naval Port of Karlskrona,"Blekinge County,Sweden,Europe and North America"
Mining Area of the Great Copper Mountain in Falun,"Town of Falun,Dalarna Province,Sweden,Europe and North America"
"Grimeton Radio Station, Varberg","County of Halland,Sweden,Europe and North America"
Decorated Farmhouses of Hälsingland,"Sweden,Europe and North America"
Old City of Berne,"Canton of Berne,Switzerland,Europe and North America"
Abbey of St Gall,"Canton of St Gall,Town of St Gall,Switzerland,Europe and North America"
Benedictine Convent of St John at Müstair,"Switzerland,Europe and North America"
"Three Castles, Defensive Wall and Ramparts of the Market-Town of Bellinzona","Canton of Ticino,Bellinzona,Switzerland,Europe and North America"
Swiss Alps Jungfrau-Aletsch,"Switzerland,Europe and North America"
"Lavaux, Vineyard Terraces","Switzerland,Europe and North America"
"La Chaux-de-Fonds / Le Locle, Watchmaking Town Planning","Switzerland,Europe and North America"
Ancient City of Aleppo,"Aleppo,Syrian Arab Republic,Arab States"
Ancient City of Damascus,"Administrative District of Damascus,Syrian Arab Republic,Arab States"
Proto-urban Site of Sarazm,"Tajikistan,Asia and the Pacific"
Tajik National Park (Mountains of the Pamirs),"Tajikistan,Asia and the Pacific"
Ban Chiang Archaeological Site,"Udon Thani Province,Thailand,Asia and the Pacific"
Historic City of Ayutthaya,"Ayutthaya Province,Thailand,Asia and the Pacific"
Natural and Cultural Heritage of the Ohrid region,"Ohrid (municipality),the Former Yugoslav Republic of Macedonia,Europe and North America"
"Koutammakou, the Land of the Batammariba","Kara Region,Togo,Africa"
Archaeological Site of Carthage,"District of Tunis,Tunisia,Arab States"
Punic Town of Kerkuane and its Necropolis,"Gouvernorat de Nabeul,Tunisia,Arab States"
Dougga / Thugga,"Gouvernat de Beja,Tunisia,Arab States"
Amphitheatre of El Jem,"El-Mahdia,Tunisia,Arab States"
Kairouan,"Gouvernorat de Kairouan,Tunisia,Arab States"
Medina of Sousse,"Gouvernorat de Sousse,Tunisia,Arab States"
Medina of Tunis,"Tunis,Tunisia,Arab States"
Göreme National Park and the Rock Sites of Cappadocia,"Nevşehir Province (Cappadocia) in Central Anatolia,Turkey,Europe and North America"
Hattusha: the Hittite Capital,"District of Sungurlu,Çorum Province,Turkey,Europe and North America"
Nemrut Dağ,"Adiyaman Province,Turkey,Europe and North America"
Hierapolis-Pamukkale,"Denizli Province,Turkey,Europe and North America"
Archaeological Site of Troy,"Province of Çanakkale,Turkey,Europe and North America"
Selimiye Mosque and its Social Complex,"Turkey,Europe and North America"
Neolithic Site of Çatalhöyük,"Turkey,Europe and North America"
Bursa and Cumalıkızık: the Birth of the Ottoman Empire,"Turkey,Europe and North America"
Pergamon and its Multi-Layered Cultural Landscape,"Turkey,Europe and North America"
Ephesus,"Turkey,Europe and North America"
Diyarbakır Fortress and Hevsel Gardens Cultural Landscape,"Turkey,Europe and North America"
Archaeological Site of Ani,"Turkey,Europe and North America"
State Historical and Cultural Park “Ancient Merv”,"Mary Vilayet,Turkmenistan,Asia and the Pacific"
Kunya-Urgench,"Dashoguz Vilayet (Province),Turkmenistan,Asia and the Pacific"
Parthian Fortresses of Nisa,"Bagyr settlement,Etrap of Rukhabad,Akhal Vilayet,Turkmenistan,Asia and the Pacific"
Tombs of Buganda Kings at Kasubi,"Kampala District,Uganda,Africa"
"Kiev: Saint-Sophia Cathedral and Related Monastic Buildings, Kiev-Pechersk Lavra","Kiev,Ukraine,Europe and North America"
L'viv – the Ensemble of the Historic Centre,"Halychyna,L’viv Oblast',Ukraine,Europe and North America"
Residence of Bukovinian and Dalmatian Metropolitans,"Ukraine,Europe and North America"
Ancient City of Tauric Chersonese and its Chora,"Ukraine,Europe and North America"
"Cultural Sites of Al Ain (Hafit, Hili, Bidaa Bint Saud and Oases Areas)","United Arab Emirates,Arab States"
Ironbridge Gorge,"Shropshire,England,United Kingdom of Great Britain and Northern Ireland,Europe and North America"
Castles and Town Walls of King Edward in Gwynedd,"Gwynedd,North Wales,United Kingdom of Great Britain and Northern Ireland,Europe and North America"
Blenheim Palace,"Oxfordshire,England,United Kingdom of Great Britain and Northern Ireland,Europe and North America"
City of Bath,"Avon,England,United Kingdom of Great Britain and Northern Ireland,Europe and North America"
"Canterbury Cathedral, St Augustine's Abbey, and St Martin's Church","County of Kent,England,United Kingdom of Great Britain and Northern Ireland,Europe and North America"
Old and New Towns of Edinburgh,"Lothian Region,Scotland,United Kingdom of Great Britain and Northern Ireland,Europe and North America"
Maritime Greenwich,"London Borough of Greenwich,England,United Kingdom of Great Britain and Northern Ireland,Europe and North America"
"Historic Town of St George and Related Fortifications, Bermuda","St George,Bermuda,United Kingdom of Great Britain and Northern Ireland,Europe and North America"
Saltaire,"West Yorkshire,England,United Kingdom of Great Britain and Northern Ireland,Europe and North America"
Derwent Valley Mills,"Derbyshire,England,United Kingdom of Great Britain and Northern Ireland,Europe and North America"
Liverpool – Maritime Mercantile City,"Liverpool,England,United Kingdom of Great Britain and Northern Ireland,Europe and North America"
Pontcysyllte Aqueduct and Canal,"Wrexham County Borough,County of Denbighshire,Borough of Oswestry,County of Shropshire,United Kingdom of Great Britain and Northern Ireland,Europe and North America"
"Stonehenge, Avebury and Associated Sites","Wiltshire,England,United Kingdom of Great Britain and Northern Ireland,Europe and North America"
Durham Castle and Cathedral,"County of Durham,England,United Kingdom of Great Britain and Northern Ireland,Europe and North America"
Palace of Westminster and Westminster Abbey including Saint Margaret’s Church,"City of Westminster,London,England,United Kingdom of Great Britain and Northern Ireland,Europe and North America"
Studley Royal Park including the Ruins of Fountains Abbey,"North Yorkshire,England,United Kingdom of Great Britain and Northern Ireland,Europe and North America"
Giant's Causeway and Causeway Coast,"County Antrim,Northern Ireland,United Kingdom of Great Britain and Northern Ireland,Europe and North America"
Ruins of Kilwa Kisiwani and Ruins of Songo Mnara,"Lindi Region,District of Kilwa,United Republic of Tanzania,Africa"
Stone Town of Zanzibar,"Zanzibar,United Republic of Tanzania,Africa"
Kilimanjaro National Park,"Kilimanjaro region,United Republic of Tanzania,Africa"
Kondoa Rock-Art Sites,"Region Dodoma,District Kondoa,United Republic of Tanzania,Africa"
Ngorongoro Conservation Area,"United Republic of Tanzania,Africa"
Mesa Verde National Park,"Colorado,United States of America,Europe and North America"
Everglades National Park,"Southern tip of the Florida peninsula,along the Gulf of Mexico,State of Florida,United States of America,Europe and North America"
Independence Hall,"Philadelphia,Commonwealth of Pennsylvania,United States of America,Europe and North America"
Redwood National and State Parks,"California,United States of America,Europe and North America"
Olympic National Park,"State of Washington,United States of America,Europe and North America"
Statue of Liberty,"New York,New York,United States of America,Europe and North America"
Yosemite National Park,"California,United States of America,Europe and North America"
Chaco Culture,"New Mexico,United States of America,Europe and North America"
Hawaii Volcanoes National Park,"Hawaii,United States of America,Europe and North America"
Taos Pueblo,"New Mexico,United States of America,Europe and North America"
Carlsbad Caverns National Park,"Eddy County,State of New Mexico,United States of America,Europe and North America"
Monumental Earthworks of Poverty Point,"United States of America,Europe and North America"
Monticello and the University of Virginia in Charlottesville,"Virginia,United States of America,Europe and North America"
Cahokia Mounds State Historic Site,"St. Louis,Illinois,United States of America,Europe and North America"
La Fortaleza and San Juan National Historic Site in Puerto Rico,"San Juan,Puerto Rico,United States of America,Europe and North America"
Historic Quarter of the City of Colonia del Sacramento,"Department de Colonia,Uruguay,Latin America and the Caribbean"
Fray Bentos Industrial Landscape,"Uruguay,Latin America and the Caribbean"
Itchan Kala,"Khorezm region,Khiva,Uzbekistan,Asia and the Pacific"
Samarkand  – Crossroad of Cultures,"Samarkand Region,Uzbekistan,Asia and the Pacific"
Historic Centre of Shakhrisyabz,"Kashkadarya region,Uzbekistan,Asia and the Pacific"
Historic Centre of Bukhara,"Bukhara region,Uzbekistan,Asia and the Pacific"
Chief Roi Mata’s Domain,"Vanuatu,Asia and the Pacific"
Coro and its Port,"State of Falcon,Venezuela (Bolivarian Republic of),Latin America and the Caribbean"
Canaima National Park,"Bolivar State,Venezuela (Bolivarian Republic of),Latin America and the Caribbean"
Ciudad Universitaria de Caracas,"Municipality of Libertador,Caracas,Venezuela (Bolivarian Republic of),Latin America and the Caribbean"
Ha Long Bay,"Province: Quang Ninh,Viet Nam,Asia and the Pacific"
Complex of Hué Monuments,"Hue,Province: Thua Thien,Viet Nam,Asia and the Pacific"
Hoi An Ancient Town,"Hoi An Town,Quang Nam Province,Viet Nam,Asia and the Pacific"
My Son Sanctuary,"Duy Phu Commune,Duy Xuyen District,Quang Nam Province,Viet Nam,Asia and the Pacific"
Phong Nha-Ke Bang National Park,"Viet Nam,Asia and the Pacific"
Trang An Landscape Complex,"Viet Nam,Asia and the Pacific"
Old Walled City of Shibam,"Hadramaut Governorate,in the Wadi Hadramaut,Seiyun District,Yemen,Arab States"
Historic Town of Zabid,"Province d'al-Hudayda,Yemen,Arab States"
Socotra Archipelago,"Yemen,Arab States"
"Mana Pools National Park, Sapi and Chewore Safari Areas","Urungwe District,Mashonaland North region,Zimbabwe,Africa"
Matobo Hills,"Matebeleland,South Province,Zimbabwe,Africa"
Great Zimbabwe National Monument,"Zimbabwe,Africa"
Khami Ruins National Monument,"Western Region,Matabeleland,Zimbabwe,Africa"
